track_name,artist(s)_name,released_date (yyyy-mm),streams
Seven (feat. Latto) (Explicit Ver.),"Latto, Jung Kook",2023-7,141381703
LALA,Myke Towers,2023-3,133716286
vampire,Olivia Rodrigo,2023-6,140003974
Cruel Summer,Taylor Swift,2019-8,800840817
WHERE SHE GOES,Bad Bunny,2023-5,303236322
Sprinter,"Dave, Central Cee",2023-6,183706234
Ella Baila Sola,"Eslabon Armado, Peso Pluma",2023-3,725980112
Columbia,Quevedo,2023-7,58149378
fukumean,Gunna,2023-5,95217315
La Bebe - Remix,"Peso Pluma, Yng Lvcas",2023-3,553634067
un x100to,"Bad Bunny, Grupo Frontera",2023-4,505671438
Super Shy,NewJeans,2023-7,58255150
Flowers,Miley Cyrus,2023-1,1316855716
Daylight,David Kushner,2023-4,387570742
As It Was,Harry Styles,2022-3,2513188493
Kill Bill,SZA,2022-12,1163093654
Cupid - Twin Ver.,Fifty Fifty,2023-2,496795686
"What Was I Made For? [From The Motion Picture ""Barbie""]",Billie Eilish,2023-7,30546883
Classy 101,"Feid, Young Miko",2023-3,335222234
Like Crazy,Jimin,2023-3,363369738
LADY GAGA,"Gabito Ballesteros, Junior H, Peso Pluma",2023-6,86444842
I Can See You (Taylorï¿½ï¿½ï¿½s Version) (From The ,Taylor Swift,2023-7,52135248
I Wanna Be Yours,Arctic Monkeys,2013-1,1297026226
"Peso Pluma: Bzrp Music Sessions, Vol. 55","Bizarrap, Peso Pluma",2023-5,200647221
Popular (with Playboi Carti & Madonna) - The Idol Vol. 1 (Music from the HBO Original Series),"The Weeknd, Madonna, Playboi Carti",2023-6,115364561
SABOR FRESA,Fuerza Regida,2023-6,78300654
Calm Down (with Selena Gomez),"Rï¿½ï¿½ma, Selena G",2022-3,899183384
MOJABI GHOST,"Tainy, Bad Bunny",2023-6,61245289
Last Night,Morgan Wallen,2023-1,429829812
Dance The Night (From Barbie The Album),Dua Lipa,2023-5,127408954
Rush,Troye Sivan,2023-7,22581161
TULUM,"Peso Pluma, Grupo Frontera",2023-6,52294266
Creepin',"The Weeknd, 21 Savage, Metro Boomin",2022-12,843957510
Anti-Hero,Taylor Swift,2022-10,999748277
TQG,"Karol G, Shakira",2023-2,618990393
Los del Espacio,"Big One, Duki, Lit Killah, Maria Becerra, FMK, Rusherking, Emilia, Tiago pzk",2023-6,123122413
Frï¿½ï¿½gil (feat. Grupo Front,"Yahritza Y Su Esencia, Grupo Frontera",2023-4,188933502
Blank Space,Taylor Swift,2014-1,1355959075
Style,Taylor Swift,2014-1,786181836
TQM,Fuerza Regida,2023-5,176553476
El Azul,"Junior H, Peso Pluma",2023-2,354495408
Sunflower - Spider-Man: Into the Spider-Verse,"Post Malone, Swae Lee",2018-10,2808096550
I'm Good (Blue),"Bebe Rexha, David Guetta",2022-8,1109433169
See You Again,"Tyler, The Creator, Kali Uchis",2017-7,1047101291
Barbie World (with Aqua) [From Barbie The Album],"Nicki Minaj, Aqua, Ice Spice",2023-6,65156199
Angels Like You,Miley Cyrus,2020-11,570515054
I Ain't Worried,OneRepublic,2022-5,1085685420
Die For You,The Weeknd,2016-11,1647990401
Starboy,"The Weeknd, Daft Punk",2016-9,2565529693
Die For You - Remix,"Ariana Grande, The Weeknd",2023-2,518745108
El Cielo,"Feid, Myke Towers, Sky Rompiendo",2023-6,107753850
Baby Don't Hurt Me,"David Guetta, Anne-Marie, Coi Leray",2023-4,177740666
AMARGURA,Karol G,2023-2,153372011
(It Goes Like) Nanana - Edit,Peggy Gou,2023-6,57876440
Another Love,Tom Odell,2012-10,1813673666
Blinding Lights,The Weeknd,2019-11,3703895074
Moonlight,Kali Uchis,2023-2,256483385
La Bachata,Manuel Turizo,2022-5,1214083358
S91,Karol G,2023-7,16011326
cardigan,Taylor Swift,2020-7,812019557
Tï¿½ï¿,"dennis, MC Kevin o Chris",2023-5,111947664
Boy's a liar Pt. 2,"PinkPantheress, Ice Spice",2023-2,156338624
Left and Right (Feat. Jung Kook of BTS),"Charlie Puth, BTS, Jung Kook",2022-6,720434240
BESO,"Rauw Alejandro, ROSALï¿½",2023-3,357925728
Hey Mor,"Ozuna, Feid",2022-10,674072710
Yellow,Chris Molitor,1999-1,1755214421
Karma,Taylor Swift,2022-10,404562836
People,Libianca,2022-12,373199958
Overdrive,Post Malone,2023-7,14780425
Enchanted (Taylor's Version),Taylor Swift,2023-7,39578178
BABY HELLO,"Rauw Alejandro, Bizarrap",2023-6,54266102
Heat Waves,Glass Animals,2020-6,2557975762
golden hour,JVKE,2022-7,751134527
Sweater Weather,The Neighbourhood,2012-5,2282771485
"Quevedo: Bzrp Music Sessions, Vol. 52","Bizarrap, Quevedo",2022-7,1356565093
Viva La Vida,Coldplay,2008-1,1592909789
Here With Me,d4vd,2022-7,635412045
Unholy (feat. Kim Petras),"Sam Smith, Kim Petras",2022-9,1230675890
Yandel 150,"Yandel, Feid",2022-12,585695368
CORAZï¿½ï¿½N VA,Maria Becerra,2023-6,43857627
Riptide,Vance Joy,1975-1,2009094673
Until I Found You (with Em Beihold) - Em Beihold Version,"Em Beihold, Stephen Sanchez",2022-4,600976848
Novidade na ï¿½ï¿,"Mc Livinho, DJ Matt D",2023-6,39709092
Back To December (Taylor's Version),Taylor Swift,2023-7,39228929
STAY (with Justin Bieber),"Justin Bieber, The Kid Laroi",2021-7,2665343922
El Merengue,"Marshmello, Manuel Turizo",2023-3,223633238
Someone You Loved,Lewis Capaldi,2018-11,2887241814
Me Porto Bonito,"Chencho Corleone, Bad Bunny",2022-5,1440757818
Makeba,Jain,2015-6,165484133
MONTAGEM - FR PUNK,"Ayparia, unxbected",2012-6,58054811
Fast Car,Luke Combs,2023-3,157058870
What It Is (Solo Version),Doechii,2023-3,95131998
Coco Chanel,"Bad Bunny, Eladio Carrion",2023-3,250305248
Donï¿½ï¿½ï¿½t Bl,Taylor Swift,2017-11,685032533
Still With You,Jung Kook,2020-6,38411956
All My Life (feat. J. Cole),"J. Cole, Lil Durk",2023-5,144565150
Say Yes To Heaven,Lana Del Rey,2023-3,127567540
Snooze,SZA,2022-12,399686758
Summertime Sadness,Lana Del Rey,2011-1,983637508
Take Two,BTS,2023-6,118482347
Lover,Taylor Swift,2012-1,882831184
Too Many Nights (feat. Don Toliver & with Future),"Future, Metro Boomin, Don Toliver",2022-12,286400165
Chemical,Post Malone,2023-4,172825906
Mockingbird,Eminem,2004-1,1241559043
New Jeans,NewJeans,2023-7,29562220
Primera Cita,Carin Leon,2022-4,77309611
Cold Heart - PNAU Remix,"Dua Lipa, Elton John, Pnau",2017-11,1605224506
Dandelions,Ruth B.,2017-4,1116995633
Bones,Imagine Dragons,2021-3,838079900
Set Fire to the Rain,Adele,2011-1,1163620694
Money Trees,"Kendrick Lamar, Jay Rock",2012-1,1093605526
Tak Segampang Itu,Anggi Marito,2022-12,179659294
LAGUNAS,"Jasiel Nuï¿½ï¿½ez, Peso P",2023-6,39058561
Mine (Taylor's Version),Taylor Swift,2023-7,36912123
Everybody Wants To Rule The World,Tears For Fears,1985-2,1205951614
No Role Modelz,J. Cole,2014-12,1791000570
Tattoo,Loreen,2023-2,201660859
Rara Vez,"Taiu, Milo j",2023-2,248088961
VAGABUNDO,"Sebastian Yatra, Manuel Turizo, Beï¿½ï",2023-5,90839753
august,Taylor Swift,2020-7,607123776
LUNA,"Junior H, Peso Pluma",2023-6,55842345
Miracle (with Ellie Goulding),"Calvin Harris, Ellie Goulding",2023-3,211050784
Nonsense,Sabrina Carpenter,2022-7,342897938
Que Vuelvas,"Carin Leon, Grupo Frontera",2022-12,2762
Por las Noches,Peso Pluma,2021-6,330346424
Feliz Cumpleaï¿½ï¿½os Fe,Feid,2022-8,601863821
Can't Hold Us (feat. Ray Dalton),"Ray Dalton, Ryan Lewis, Macklemore",2011-8,1953533826
Watermelon Sugar,Harry Styles,2019-11,2322580122
lovely - Bonus Track,"Billie Eilish, Khalid",2017-8,2355719893
"Rauw Alejandro: Bzrp Music Sessions, Vol. 56","Rauw Alejandro, Bizarrap",2023-6,66902503
Queencard,(G)I-DLE,2023-5,96273746
OMG,NewJeans,2023-1,430977451
Radio,Lana Del Rey,2011-1,284819874
"Shakira: Bzrp Music Sessions, Vol. 53","Shakira, Bizarrap",2023-1,721975598
505,Arctic Monkeys,2007-4,1217120710
"Calling (Spider-Man: Across the Spider-Verse) (Metro Boomin & Swae Lee, NAV, feat. A Boogie Wit da Hoodie)","Swae Lee, A Boogie Wit da Hoodie, Metro Boomin, NAV",2023-6,109276132
Trance (with Travis Scott & Young Thug),"Travis Scott, Young Thug, Metro Boomin",2022-12,276259178
"Tere Vaaste (From ""Zara Hatke Zara Bachke"")","Sachin-Jigar, Shadab Faridi, Altamash Faridi, Amitabh Bhattacharya, Varun Jain",2023-5,54225632
Perfect,Ed Sheeran,2017-1,2559529074
Romantic Homicide,d4vd,2022-7,681583126
Believer,Imagine Dragons,2017-1,2594040133
Novo Balanï¿½,"Veigh, Bvga Beatz, Supernova Ent, Prod Malax",2023-5,81102253
"Gol Bolinha, Gol Quadrado 2","Mc Pedrinho, DJ 900",2023-6,11956641
Without Me,Eminem,2002-1,1687664027
QUEMA,"Sog, Ryan Castro, Peso Pluma",2023-7,11599388
Stargirl Interlude,"The Weeknd, Lana Del Rey",2016-11,611700552
Ojitos Lindos,"Bomba Estï¿½ï¿½reo, Bad B",2022-5,1133865788
Somewhere Only We Know,Keane,2004-1,1089402494
Those Eyes,New West,2019-5,411747614
El Gordo Trae El Mando,Chino Pacas,2023-1,255932395
Mi Bello Angel,Natanael Cano,2023-6,31873544
Bye,Peso Pluma,2023-5,95053634
Danza Kuduro,"Don Omar, Lucenzo",2010-1,1279434863
Nosso Quadro,"Ana Castela, AgroPlay",2023-2,233801632
Locked Out Of Heaven,Bruno Mars,2012-12,1481349984
Un Finde | CROSSOVER #2,"Big One, FMK, Ke personajes",2023-4,142095275
Jimmy Cooks (feat. 21 Savage),"Drake, 21 Savage",2022-6,618885532
Counting Stars,OneRepublic,2013-1,2011464183
Ghost,Justin Bieber,2021-3,1167330737
Under The Influence,Chris Brown,2019-10,929964809
PRC,"Natanael Cano, Peso Pluma",2023-1,436027885
Gasolina,Daddy Yankee,2004-7,657723613
One Dance,"Drake, WizKid, Kyla",2016-4,2713922350
Enchanted,Taylor Swift,2010-1,621660989
Save Your Tears,The Weeknd,2020-3,1591223784
Sure Thing,Miguel,2010-5,950906471
Every Breath You Take - Remastered 2003,The Police,1983-1,1593270737
The Night We Met,Lord Huron,2015-2,1410088830
We Found Love,"Rihanna, Calvin Harris",2011-1,1235005533
When I Was Your Man,Bruno Mars,2012-12,1661187319
Let Me Down Slowly,Alec Benjamin,2018-5,1374581173
"Am I Dreaming (Metro Boomin & A$AP Rocky, Roisee)","A$AP Rocky, Metro Boomin, Roisee",2023-6,94186466
Do I Wanna Know?,Arctic Monkeys,2013-1,1788326445
Demons,Imagine Dragons,2012-1,1840364617
ýýýýýýýýýýýý,YOASOBI,2023-4,143573775
Reminder,The Weeknd,2016-11,684675814
Shake It Off,Taylor Swift,2014-1,1113838873
Why'd You Only Call Me When You're High?,Arctic Monkeys,2013-1,1267333350
SNAP,Rosa Linn,2022-3,726307468
Shape of You,Ed Sheeran,2017-1,3562543890
Night Changes,One Direction,2014-11,1131090940
Fin de Semana,"Oscar Maydon, Junior H",2023-1,307370144
Creep,Radiohead,1992-9,1271293243
Car's Outside,James Arthur,2019-10,265882712
Apocalypse,Cigarettes After Sex,2017-3,841749534
Cheques,Shubh,2023-5,47956378
Pink + White,Frank Ocean,2016-8,806397070
Circles,Post Malone,2019-8,2132335812
Just The Way You Are,Bruno Mars,2010-1,1641426668
Take Me To Church,Hozier,2013-9,2135158446
Bebe Dame,"Fuerza Regida, Grupo Frontera",2022-12,367316268
You Belong With Me (Taylorï¿½ï¿½ï¿½s Ve,Taylor Swift,2021-4,350381515
Titi Me Preguntï¿,Bad Bunny,2022-5,1264310836
Better Than Revenge (Taylor's Version),Taylor Swift,2023-7,30343206
Shut up My Moms Calling,Hotel Ugly,2020-2,405136812
Have You Ever Seen The Rain?,Creedence Clearwater Revival,1968-7,1145727611
Es un Secreto,Plan B,2010-7,540654286
POLARIS - Remix,"Feid, Mora, Saiko, Quevedo",2023-6,57312735
Ditto,NewJeans,2022-12,397582059
Take On Me,a-ha,1984-10,1479115056
"Annihilate (Spider-Man: Across the Spider-Verse) (Metro Boomin & Swae Lee, Lil Wayne, Offset)","Swae Lee, Lil Wayne, Offset, Metro Boomin",2023-6,86773632
"Angel Pt 1 (feat. Jimin of BTS, JVKE & Muni Long)","Kodak Black, NLE Choppa, Muni Long, JVKE, Jimin",2023-5,133753727
Acrï¿½ï¿½s,Shakira,2023-5,123124076
AMG,"Natanael Cano, Gabito Ballesteros, Peso Pluma",2022-11,463564958
"Phir Aur Kya Chahiye (From ""Zara Hatke Zara Bachke"")","Arijit Singh, Sachin-Jigar, Amitabha Bhattacharya",2023-5,64533040
S-Class,Stray Kids,2023-6,65496046
Hits Different,Taylor Swift,2023-5,68616963
Chanel,"Becky G, Peso Pluma",2023-3,161460990
Self Love (Spider-Man: Across the Spider-Verse) (Metro Boomin & Coi Leray),"Metro Boomin, Coi Leray",2023-6,70106975
Area Codes,"Kaliii, Kaliii",2023-3,113509496
Abcdario,"Junior H, Eden Muï¿½ï",2023-5,89933133
Obsessed,"Abhijay Sharma, Riar Saab",2022-9,71007139
Piï¿½ï¿½man Deï¿,"Semicenk, Doï¿½ï¿½u ",2023-6,43522589
FLOWER,JISOO,2023-3,232896922
"All The Way Live (Spider-Man: Across the Spider-Verse) (Metro Boomin & Future, Lil Uzi Vert)","Future, Lil Uzi Vert, Metro Boomin",2023-6,37126685
Eyes Closed,Ed Sheeran,2023-3,195576623
Escapism.,"RAYE, 070 Shake",2022-10,532336353
La Jumpa,"Arcangel, Bad Bunny",2022-11,538115192
Karma (feat. Ice Spice),"Taylor Swift, Ice Spice",2023-5,46142772
Superhero (Heroes & Villains) [with Future & Chris Brown],"Future, Chris Brown, Metro Boomin",2022-12,401036314
Las Morras,"BLESSD, Peso Pluma",2023-4,127026613
CHORRITO PA LAS ANIMAS,Feid,2022-12,345031710
Ch y la Pizza,"Fuerza Regida, Natanael Cano",2022-12,288101651
Snow On The Beach (feat. More Lana Del Rey),"Lana Del Rey, Taylor Swift",2023-5,60350538
Players,Coi Leray,2022-11,335074782
Bite Me,ENHYPEN,2023-5,76767396
Stand By Me (feat. Morgan Wallen),"Lil Durk, Morgan Wallen",2023-5,46065667
Normal,Feid,2022-7,459276435
Hummingbird (Metro Boomin & James Blake),"James Blake, Metro Boomin",2023-6,39666245
Seu Brilho Sumiu - Ao Vivo,"Israel & Rodolffo, Mari Fernandez",2023-3,138517666
Bad Habit,Steve Lacy,2022-6,822633917
CUFF IT,Beyoncï¿,2022-7,595900742
Lilith (feat. SUGA of BTS) (Diablo IV Anthem),"Halsey, Suga",2023-6,51985779
69,"Nicky Jam, Feid",2023-5,57945987
Niï¿½ï¿½a Bo,"Sean Paul, Feid",2023-4,115010040
Search & Rescue,Drake,2023-4,175097833
AMERICA HAS A PROBLEM (feat. Kendrick Lamar),"Kendrick Lamar, Beyoncï¿",2023-5,57089066
Lavender Haze,Taylor Swift,2022-10,488386797
"Link Up (Metro Boomin & Don Toliver, Wizkid feat. BEAM & Toian) - Spider-Verse Remix (Spider-Man: Across the Spider-Verse )","WizKid, Toian, Metro Boomin, Don Toliver, Beam",2023-6,32761689
Efecto,Bad Bunny,2022-5,1047480053
Erro Gostoso - Ao Vivo,Simone Mendes,2023-1,153454328
Cupido,Tini,2023-2,217672943
Just Wanna Rock,Lil Uzi Vert,2022-10,457184829
Unstoppable,Sia,2016-1,939844851
Until I Found You,Stephen Sanchez,2021-9,726434358
Rich Flex,"Drake, 21 Savage",2022-11,573633020
Easy On Me,Adele,2021-10,1406111294
Cartï¿½ï¿½o B,"MC Caverinha, KayBlack",2023-5,71573339
Danger (Spider) (Offset & JID),"Offset, JID",2023-6,24975653
Oi Balde - Ao Vivo,Zï¿½ï¿½ Neto & Crist,2023-2,145458418
The Real Slim Shady,Eminem,2000-1,1424589568
MERCHO,"Migrantes, LiL CaKe, Nico Valdi",2022-12,231332117
The Color Violet,Tory Lanez,2021-12,415932686
Glimpse of Us,Joji,2022-6,988515741
Mejor Que Yo,"Mambo Kingz, DJ Luian, Anuel Aa",2023-5,50847624
Curtains,Ed Sheeran,2023-5,39893489
UNFORGIVEN (feat. Nile Rodgers),"Nile Rodgers, LE SSERAFIM",2023-5,92035115
Haegeum,Agust D,2023-4,118810253
Conexï¿½ï¿½es de Mï¿½ï¿½fia (feat. Rich ,"Rich The Kid, Matuï¿",2023-4,77233241
MIENTRAS ME CURO DEL CORA,Karol G,2023-2,206399629
Never Felt So Alone,Labrinth,2023-4,117747907
X SI VOLVEMOS,"Karol G, Romeo Santos",2023-2,266624541
ceilings,Lizzy McAlpine,2022-4,293186992
Cupid,Fifty Fifty,2023-2,139681964
I AM,IVE,2023-4,123132751
Cupid ï¿½ï¿½ï¿½ Twin Ver. (FIFTY FIFTY) ï¿½ï¿½ï¿½ Spe,sped up 8282,1997-1,103762518
Shorty Party,"Cartel De Santa, La Kelly",2023-3,162887075
Super,SEVENTEEN,2023-4,91221625
Slut Me Out,NLE Choppa,2022-4,190490915
Double Fantasy (with Future),"The Weeknd, Future",2023-4,96180277
All Of The Girls You Loved Before,Taylor Swift,2019-8,185240616
PROVENZA,Karol G,2022-4,885093467
Princess Diana (with Nicki Minaj),"Nicki Minaj, Ice Spice",2023-4,104992946
Di Que Si,"Grupo Marca Registrada, Grupo Frontera",2023-2,147290338
Shivers,Ed Sheeran,2021-9,1302184087
Igualito a Mi Apï¿,"Fuerza Regida, Peso Pluma",2022-12,158950978
Shoong! (feat. LISA of BLACKPINK),"TAEYANG, Lisa",2023-4,76910644
Komang,Raim Laode,2022-8,137123880
DESPECHï¿,ROSALï¿½,2022-7,782369383
Made You Look,Meghan Trainor,2022-10,502574952
Watch This - ARIZONATEARS Pluggnb Remix,"sped up nightcore, ARIZONATEARS, Lil Uzi Vert",2023-2,207033255
No Se Va,Grupo Frontera,2022-4,404887295
Punto G,Quevedo,2022-11,381161027
Lovers Rock,TV Girl,2014-6,466231982
METAMORPHOSIS,INTERWORLD,2021-11,357580552
Mami Chula,"Quevedo, Jhayco",2023-4,61105704
En Paris,"El Chachito, Junior H",2022-12,198275403
Set Me Free Pt.2,Jimin,2023-3,168448603
I Was Never There,"The Weeknd, Gesaffelstein",2018-3,705469769
Don't ever say love me (feat. RM of BTS),"RM, Colde",2023-5,34502215
Shut Down,BLACKPINK,2022-9,482175240
Gato de Noche,"Nengo Flow, Bad Bunny",2022-12,304118600
Call Out My Name,The Weeknd,2018-3,1449799467
Like Crazy (English Version),Jimin,2023-3,173627354
Rosa Pastel,"Jasiel Nuï¿½ï¿½ez, Peso P",2023-2,90025258
Sunroof,"Nicky Youre, Dazy",2021-12,652704649
Lose Yourself - Soundtrack Version,Eminem,2002-1,1829992958
Superman,"Eminem, Dina Rae",2002-5,655466831
Mas Rica Que Ayer,"Mambo Kingz, DJ Luian, Anuel Aa",2023-3,146409671
People Pt.2 (feat. IU),"IU, Agust D",2023-4,95816024
REMIX EXCLUSIVO,Feid,2023-3,117206995
"Arcï¿½ï¿½ngel: Bzrp Music Sessions, Vol","Arcangel, Bizarrap",2023-3,100409613
DOGTOOTH,"Tyler, The Creator",2023-3,80758350
10:35,"Tiï¿½ï¿½sto, Tate M",2022-11,325592432
SORRY NOT SORRY,"Tyler, The Creator",2023-3,58473276
HAPPY,NF,2023-3,52722996
La Bebe,Yng Lvcas,2021-12,191945597
I Know - PR1SVX Edit,"Kanii, PR1ISVX",2023-3,77377503
Late Night Talking,Harry Styles,2022-5,743693613
Leï¿½,Marï¿½ï¿½lia Mendo,2022-12,267789608
Save Your Tears (with Ariana Grande) (Remix),"Ariana Grande, The Weeknd",2020-3,1221813483
Something in the Orange,Zach Bryan,2022-4,449701773
VOID,Melanie Martinez,2023-3,67070410
Dijeron Que No La Iba Lograr,"Fuerza Regida, Chino Pacas",2023-3,116334601
Midnight Rain,Taylor Swift,2022-10,433356509
If We Ever Broke Up,Mae Stephens,2023-2,165584767
You Proof,Morgan Wallen,2022-5,367814306
LA INOCENTE,"Feid, Mora",2022-4,477033549
Malas Decisiones,Kenia OS,2022-10,156214700
Murder In My Mind,Kordhell,2022-1,448843705
Gangsta's Paradise,"Coolio, L.V.",1995-7,1357608774
CAIRO,"Karol G, Ovy On The Drums",2022-11,294352144
I Love You So,The Walters,2014-11,972164968
Dark Red,Steve Lacy,2017-2,920045682
Say You Won't Let Go,James Arthur,2016-9,2420461338
The Hills,The Weeknd,2015-5,1947371785
Heart To Heart,Mac DeMarco,2019-5,244658767
Peaches (from The Super Mario Bros. Movie),Jack Black,2023-4,68216992
Marisola - Remix,"Duki, NICKI NICOLE, Cris Mj, Standly, Stars Music Chile",2022-12,223582566
LOKERA,"Brray, Rauw Alejandro, Lyanno",2022-7,471819764
Low,SZA,2022-12,272377463
Numb,Linkin Park,2003-3,1361425037
Tormenta (feat. Bad Bunny),"Gorillaz, Bad Bunny",2023-2,149778242
on the street (with J. Cole),"j-hope, J. Cole",2023-3,116599790
One Thing At A Time,Morgan Wallen,2022-12,148469433
Miss You,"Robin Schulz, Oliver Tree",2022-8,497225336
Ainï¿½ï¿½ï¿½t Tha,Morgan Wallen,2023-3,88791109
Thinkinï¿½ï¿½ï¿½ B,Morgan Wallen,2023-3,125917280
Private Landing (feat. Justin Bieber & Future),"Don Toliver, Future, Justin Bieber",2023-2,105062254
Everything I Love,Morgan Wallen,2023-1,95623148
Heaven,Niall Horan,2023-2,144584800
LET GO,Central Cee,2022-12,298063749
Sial,Mahalini,2023-1,166570053
I Wrote The Book,Morgan Wallen,2023-1,83021468
"Apna Bana Le (From ""Bhediya"")","Arijit Singh, Sachin-Jigar",2022-11,139836056
SPIT IN MY FACE!,ThxSoMch,2022-10,303216294
PLAYA DEL INGLï¿½,"Myke Towers, Quevedo",2022-12,221409663
Man Made A Bar (feat. Eric Church),"Morgan Wallen, Eric Church",2023-3,58890931
Red Ruby Da Sleeze,Nicki Minaj,2023-3,81419389
Kahani Suno 2.0,Kaifi Khalil,2022-5,156777415
Nobody Gets Me,SZA,2022-12,284908316
PERO Tï¿,"Karol G, Quevedo",2023-2,93438910
Hype Boy,NewJeans,2022-8,363472647
Bloody Mary,Lady Gaga,2011-1,372476382
Monotonï¿½,"Ozuna, Shakira",2022-10,380726517
ýýý98 Braves,Morgan Wallen,2023-3,56533272
WANDA,Quevedo,2023-1,175399345
Thought You Should Know,Morgan Wallen,2022-5,203221468
In The End,Linkin Park,2000-10,1624165576
Zona De Perigo,Leo Santana,2022-12,134294498
Lovezinho,Treyce,2022-7,70069745
I Like You (A Happier Song) (with Doja Cat),"Post Malone, Doja Cat",2022-6,609293408
Neverita,Bad Bunny,2022-5,671365962
Vista Al Mar,Quevedo,2022-9,362361576
Sem Alianï¿½ï¿½a no ,"MC Xenon, Os Gemeos da Putaria",2022-12,93587665
Enemy (with JID) - from the series Arcane League of Legends,"Imagine Dragons, League of Legends, JID, Arcane",2021-9,1223481149
Revenge,XXXTENTACION,2017-8,1022258230
Bombonzinho - Ao Vivo,"Israel & Rodolffo, Ana Castela",2022-11,263453310
LA CANCIï¿½,"J Balvin, Bad Bunny",2019-6,1435127549
Quï¿½ï¿½ Ago,"Yuridia, Angela Aguilar",2022-10,236857112
Love Again,The Kid Laroi,2023-1,147538971
After Hours,The Weeknd,2020-2,698086140
About Damn Time,Lizzo,2022-7,723894473
Born With A Beer In My Hand,Morgan Wallen,2023-3,34450974
ýýýýýýýýýýýýýýýýýýýýý,Fujii Kaze,2020-5,403097450
Besos Moja2,"Wisin & Yandel, ROSALï¿½",2022-9,309483971
Maan Meri Jaan,King,2022-10,319566866
Moscow Mule,Bad Bunny,2022-5,909001996
My Universe,"Coldplay, BTS",2021-9,1061966512
Devil Donï¿½ï¿½ï¿½,Morgan Wallen,2023-3,32526947
LLYLM,ROSALï¿½,2023-1,124988687
I'm Not Here To Make Friends,"Sam Smith, Calvin Harris, Jessie Reyez",2023-1,103787664
TRUSTFALL,P!nk,2023-1,134255790
ANTIFRAGILE,LE SSERAFIM,2022-10,301051721
Boy's a liar,PinkPantheress,2022-11,156338624
VIBE (feat. Jimin of BTS),"TAEYANG, Jimin",2023-1,152850295
Shirt,SZA,2022-10,309653982
Lift Me Up - From Black Panther: Wakanda Forever - Music From and Inspired By,Rihanna,2022-10,297328960
STAR WALKIN' (League of Legends Worlds Anthem),Lil Nas X,2022-9,332506354
"Sex, Drugs, Etc.",Beach Weather,2016-11,480507035
Boy With Luv (feat. Halsey),"Halsey, BTS",2019-4,1065580332
"Hey, Mickey!",Baby Tate,2016-9,122763672
Calm Down,Rï¿½ï,2022-2,445763624
Jhoome Jo Pathaan,"Arijit Singh, Vishal Dadlani, Sukriti Kakar, Vishal-Shekhar, Shekhar Ravjiani, Kumaar",2022-12,1365184
Escapism. - Sped Up,"RAYE, 070 Shake",2022-11,184308753
Space Song,Beach House,2015-1,789753877
Dreamers [Music from the FIFA World Cup Qatar 2022 Official Soundtrack],"BTS, Jung Kook, FIFA Sound",2022-11,323358833
Te Felicito,"Shakira, Rauw Alejandro",2022-4,606361689
Muï¿½ï¿½,"Steve Aoki, Tini, La Joaqui",2023-1,120972253
TV,Billie Eilish,2022-7,338564981
I'm Not The Only One,Sam Smith,2014-1,1606986953
Heather,Conan Gray,2020-3,1301799902
"Besharam Rang (From ""Pathaan"")","Vishal-Shekhar, Shilpa Rao, Caralisa Monteiro, Kumaar, Vishal Dadlani, Shekhar Ravjiani",2022-12,140187018
One Kiss (with Dua Lipa),"Calvin Harris, Dua Lipa",2017-6,1897517891
Sugar Rush Ride,TOMORROW X TOGETHER,2023-1,107642809
Pink Venom,BLACKPINK,2022-8,551305895
WAIT FOR U (feat. Drake & Tems),"Drake, Future, Tems",2022-4,556585270
Don't Start Now,Dua Lipa,2019-10,2303033973
After Dark,Mr.Kitty,2014-8,646886885
Eu Gosto Assim - Ao Vivo,"Gustavo Mioto, Mari Fernandez",2022-9,222612678
INDUSTRY BABY (feat. Jack Harlow),"Jack Harlow, Lil Nas X",2021-7,1814349763
MIDDLE OF THE NIGHT,Elley Duhï¿,2020-1,872137015
Atlantis,Seafret,2015-4,571386359
PUNTO 40,"Baby Rasta, Rauw Alejandro",2022-9,304079786
Evoque Prata,"DJ Escobar, MC MENOR SG, MC MENOR HR",2022-9,174006928
How Do I Say Goodbye,Dean Lewis,2022-8,284785823
Blind,SZA,2022-12,163284000
Die For You,Joji,2022-11,246390068
Doja,Central Cee,2022-7,482257456
Gatita,Bellakath,2022-10,168684524
Rumble,"Skrillex, Flowdan, Fred again..",2022-1,78489819
Niagara Falls (Foot or 2) [with Travis Scott & 21 Savage],"Travis Scott, 21 Savage, Metro Boomin",2022-12,195516622
Yonaguni,Bad Bunny,2021-6,1260594497
Super Freaky Girl,Nicki Minaj,2022-8,428685680
Running Up That Hill (A Deal With God),Kate Bush,1985-9,1024858327
Dream On,Aerosmith,1973-1,838586769
Limbo,Freddie Dredd,2022-8,199386237
Where Are You Now,"Lost Frequencies, Calum Scott",2021-7,972509632
WORTH NOTHING,"Twisted, Oliver Tree",2022-9,213438580
Bad Habits,Ed Sheeran,2020-9,1555511105
KICK BACK,Kenshi Yonezu,2022-10,210038833
Evergreen (You Didnï¿½ï¿½ï¿½t Deserve Me A,Omar Apollo,2022-4,227918678
Good Days,SZA,2020-12,826623384
Levitating (feat. DaBaby),"Dua Lipa, DaBaby",2020-3,1802514301
Woman,Doja Cat,2021-6,1329090101
Shut up My Moms Calling - (Sped Up),Hotel Ugly,2022-9,181831132
Ferrari,"James Hype, Miggy Dela Rosa",2022-3,462791599
"You're On Your Own, Kid",Taylor Swift,2022-10,348647203
"Kesariya (From ""Brahmastra"")","Pritam, Arijit Singh, Amitabh Bhattacharya",2022-7,366599607
Agudo Mï¿½ï¿½gi,"Styrx, utku INC, Thezth",1930-1,90598517
Payphone,"Maroon 5, Wiz Khalifa",2012-1,1479264469
All I Want for Christmas Is You,Mariah Carey,1994-10,1449779435
Last Christmas,Wham!,1984-1,1159176109
Rockin' Around The Christmas Tree,Brenda Lee,1958-1,769213520
Jingle Bell Rock,Bobby Helms,1957-1,741301563
It's Beginning To Look A Lot Like Christmas,Michael Bublï¿,2011-10,807561936
Santa Tell Me,Ariana Grande,2013-12,834129063
It's the Most Wonderful Time of the Year,Andy Williams,1963-10,663832097
Let It Snow! Let It Snow! Let It Snow!,Dean Martin,1959-11,446390129
Snowman,Sia,2017-1,690104769
Underneath the Tree,Kelly Clarkson,2013-10,485285717
Feliz Navidad,Josï¿½ï¿½ Felic,1970-11,520034544
Holly Jolly Christmas,Michael Bublï¿,2011-10,476244795
Mistletoe,Justin Bieber,2011-1,629173063
Sleigh Ride,The Ronettes,1963-11,404664135
Seek & Destroy,SZA,2022-12,98709329
Love Language,SZA,2022-12,110849052
Happy Xmas (War Is Over),"John Lennon, The Harlem Community Choir, The Plastic Ono Band, Yoko Ono",1971-12,460492795
Used (feat. Don Toliver),"SZA, Don Toliver",2022-12,94005786
A Holly Jolly Christmas - Single Version,Burl Ives,1952-1,395591396
The Christmas Song (Merry Christmas To You) - Remastered 1999,Nat King Cole,1946-11,389771964
Wonderful Christmastime - Edited Version / Remastered 2011,Paul McCartney,1979-11,403939487
Do They Know It's Christmas? - 1984 Version,Band Aid,1984-11,481697415
Ghost in the Machine (feat. Phoebe Bridgers),"SZA, Phoebe Bridgers",2022-12,110073250
Special,SZA,2022-12,88092256
Merry Christmas Everyone,Shakin' Stevens,1984-1,351636786
Let It Snow! Let It Snow! Let It Snow!,"Frank Sinatra, B. Swanson Quartet",1950-1,473248298
SOS,SZA,2022-12,73981293
Open Arms (feat. Travis Scott),"SZA, Travis Scott",2022-12,155653938
White Christmas,"Bing Crosby, John Scott Trotter & His Orchestra, Ken Darby Singers",1942-1,395591396
Driving Home for Christmas - 2019 Remaster,Chris Rea,1986-1,429504768
Christmas (Baby Please Come Home),Darlene Love,1963-11,242767149
Gone Girl,SZA,2022-12,65362788
F2F,SZA,2022-12,67540165
Notice Me,SZA,2022-12,62019074
Merry Christmas,"Ed Sheeran, Elton John",2017-11,135723538
It's Beginning to Look a Lot Like Christmas (with Mitchell Ayres & His Orchestra),"Perry Como, The Fontane Sisters, Mitchell Ayres & His Orchestra",1958-1,295998468
My Only Wish (This Year),Britney Spears,2000-11,261116938
Antidepresan,"Mabel Matiz, Mert Demir",2022-11,136689549
Wild Flower (with youjeen),RM,2022-12,135611421
I Hate U,SZA,2021-12,356709897
Raindrops (Insane) [with Travis Scott],"Travis Scott, Metro Boomin",2022-12,110649992
SPIT IN MY FACE!,ThxSoMch,2022-10,301869854
Deck The Hall - Remastered 1999,Nat King Cole,1959-1,127027715
Smoking on my Ex Pack,SZA,2022-12,57144458
Conceited,SZA,2022-12,56870689
Snow On The Beach (feat. Lana Del Rey),"Taylor Swift, Lana Del Rey",2022-10,323437194
Maroon,Taylor Swift,2022-10,317726339
Tubarï¿½ï¿½o Te,"Dj LK da Escï¿½ï¿½cia, Tchakabum, mc jhenny, M",2022-9,116144341
Bejeweled,Taylor Swift,2022-10,328207708
Tarot,"Bad Bunny, Jhay Cortez",2022-5,608228647
You Make It Feel Like Christmas (feat. Blake Shelton),"Gwen Stefani, Blake Shelton",2005-9,180577478
Desesperados,"Chencho Corleone, Rauw Alejandro",2021-6,809306935
Too Late,SZA,2022-12,49262961
Party,"Bad Bunny, Rauw Alejandro",2022-5,614555082
Run Rudolph Run - Single Version,Chuck Berry,1958-1,245350949
Jingle Bells - Remastered 1999,Frank Sinatra,1957-1,178660459
Far,SZA,2022-12,51641685
On Time (with John Legend),"John Legend, Metro Boomin",2022-12,78139948
GATï¿½ï¿½,"Maldy, Karol G",2022-8,322336177
ýýýabcdefu,Gayle,2021-8,1007612429
Sacrifice,The Weeknd,2022-1,326792833
Is There Someone Else?,The Weeknd,2022-1,391251368
Fingers Crossed,"Lauren Spencer Smith, Lauren Spencer Smith, Lauren Spencer Smith",2022-1,349585590
Out of Time,The Weeknd,2022-1,339659802
Do It To It,"Cherish, ACRAZE",2021-8,674772936
We Don't Talk About Bruno,"Adassa, Mauro Castillo, Stephanie Beatriz, Encanto - Cast, Rhenzy Feliz, Diane Guerrero, Carolina Gaitan",2021-11,432719968
Pepas,Farruko,2021-6,1309887447
How Do I Make You Love Me?,The Weeknd,2022-1,119238316
Gasoline,The Weeknd,2022-1,116903579
Infinity,Jaymes Young,2017-6,888046992
Less Than Zero,The Weeknd,2022-1,200660871
Take My Breath,The Weeknd,2021-8,130655803
good 4 u,Olivia Rodrigo,2021-5,1887039593
"Here We Goï¿½ï¿½ï¿½ Again (feat. Tyler, the Cr","The Weeknd, Tyler, The Creator",2022-1,88103848
Best Friends,The Weeknd,2022-1,101114984
Kiss Me More (feat. SZA),"SZA, Doja Cat",2021-4,1575467011
I Heard You're Married (feat. Lil Wayne),"The Weeknd, Lil Wayne",2022-1,91656026
Need To Know,Doja Cat,2021-6,1042568408
MONTERO (Call Me By Your Name),Lil Nas X,2020-9,1735441776
love nwantiti (ah ah ah),Ckay,2019-7,726837877
Dawn FM,The Weeknd,2022-1,53933526
Surface Pressure,Jessica Darrow,2021-11,267758538
Starry Eyes,The Weeknd,2022-1,74601456
THATS WHAT I WANT,Lil Nas X,2021-9,920797189
One Right Now (with The Weeknd),"The Weeknd, Post Malone",2021-11,539595276
Beggin,Mï¿½ï¿½ne,2017-12,1367810478
Mon Amour - Remix,"Aitana, zzoilo",2020-9,578207856
Lo Siento BB:/ (with Bad Bunny & Julieta Venegas),"Julieta Venegas, Bad Bunny, Tainy",2021-10,775542072
MONEY,Lisa,2021-9,863625566
The Motto,"Tiï¿½ï¿½sto, Ava",2021-11,656013912
Happier Than Ever,Billie Eilish,2021-7,1056760045
Moth To A Flame (with The Weeknd),"The Weeknd, Swedish House Mafia",2021-10,611994237
traitor,"Juan Cruz Toledo, Huilen Toledo",2021-5,1230855859
Toxic,BoyWithUke,2021-9,582981380
drivers license,Olivia Rodrigo,2021-1,1858144199
Malvadï¿½ï¿,"Xamï¿½ï¿½, Gustah, Neo B",2021-11,240684449
All Too Well (10 Minute Version) (Taylor's Version) (From The Vault),Taylor Swift,2021-11,583687007
Donï¿½ï¿½ï¿½t Break My,The Weeknd,2022-1,63803529
Oh My God,Adele,2021-11,466214729
Entre Nosotros (Remix) [con Nicki Nicole],"Lit Killah, Maria Becerra, Tiago pzk, NICKI NICOLE",2022-1,236940480
A Tale By Quincy,The Weeknd,2022-1,41924466
I AM WOMAN,Emmy Meli,2021-11,225259194
Medallo,"Justin Quiles, Lenny Tavï¿½ï¿½rez, BL",2021-10,393230256
It'll Be Okay,Shawn Mendes,2021-12,287201015
Softcore,The Neighbourhood,2018-3,599770206
Super Gremlin,Kodak Black,2021-10,342779426
Volvï¿,"Aventura, Bad Bunny",2021-8,673801126
Todo De Ti,Rauw Alejandro,2020-11,1168642797
Love Nwantiti - Remix,"Ckay, AX'EL, Dj Yo!",2019-8,540539717
Smokin Out The Window,"Bruno Mars, Anderson .Paak, Silk Sonic",2021-11,383550148
Meet Me At Our Spot,"THE ANXIETY, Willow, Tyler Cole",2020-3,530511203
Every Angel is Terrifying,The Weeknd,2022-1,37307967
Tacones Rojos,Sebastian Yatra,2021-10,510876816
Peaches (feat. Daniel Caesar & Giveon),"Justin Bieber, Daniel Caesar, Giveon",2021-3,1445941661
Dakiti,"Bad Bunny, Jhay Cortez",2020-10,1763363713
"Tiago PZK: Bzrp Music Sessions, Vol. 48","Bizarrap, Tiago pzk",2021-12,374191487
Lï¿½ï¿½ï¿,Stromae,2022-1,108809090
Nostï¿½ï¿½l,"Chris Brown, Rvssian, Rauw Alejandro",2021-9,436695353
Better Days (NEIKED x Mae Muller x Polo G),"NEIKED, Mae Muller, Polo G",2021-9,421040617
Life Goes On,Oliver Tree,2020-7,501541661
Sad Girlz Luv Money Remix (feat. Kali Uchis),"Kali Uchis, Amaarae, Moliy",2021-9,354065229
Butter,BTS,2021-5,1143647827
pushin P (feat. Young Thug),"Young Thug, Future, Gunna",2022-1,311395144
You Right,"Doja Cat, The Weeknd",2021-6,672656250
deja vu,Olivia Rodrigo,2021-4,1256880657
Dynamite,BTS,2020-8,1692897992
TO THE MOON,Jnr Choi,2021-11,245095641
Lost in the Fire,"The Weeknd, Gesaffelstein",2019-1,686734357
Salimo de Noche,"Trueno, Tiago pzk",2021-10,261414174
Volando - Remix,"Sech, Bad Bunny, Mora",2021-7,610045621
Leave The Door Open,"Bruno Mars, Anderson .Paak, Silk Sonic",2021-3,1115880852
Knife Talk (with 21 Savage ft. Project Pat),"Drake, Project Pat, 21 Savage",2021-9,594482982
Don't Be Shy,"Tiï¿½ï¿½sto, Kar",2021-8,566954746
LA FAMA (with The Weeknd),"The Weeknd, ROSALï¿½",2021-11,374706940
The Family Madrigal,"Olga Merediz, Stephanie Beatriz, Encanto - Cast",2021-11,184937148
Phantom Regret by Jim,The Weeknd,2022-1,31959571
Dos Oruguitas,Sebastian Yatra,2021-11,167076418
Freaks,Surf Curse,2015-5,824420218
Acapulco,Jason Derulo,2021-9,363467642
Daddy Issues,The Neighbourhood,2015-10,1127468248
thought i was playing,"21 Savage, Gunna",2022-1,60680939
ELEVEN,IVE,2021-12,247737946
Mood (feat. Iann Dior),"24kgoldn, Iann Dior",2020-7,1699402402
What Else Can I Do?,"Stephanie Beatriz, Diane Guerrero",2021-11,154797871
DANCE CRIP,Trueno,2021-11,198883004
Miserable Man,David Kushner,2022-1,124407432
happier,Olivia Rodrigo,2021-5,850608354
Praise God,Kanye West,2021-8,376333030
Get Into It (Yuh),Doja Cat,2021-6,516784627
Before You Go,Lewis Capaldi,2019-11,1608045237
Sky,Playboi Carti,2020-12,506778838
Rolling in the Deep,Adele,2010-11,1472799873
Sobrio,Maluma,2021-7,513643924
Peru,"Ed Sheeran, Fireboy DML",2021-12,261286503
favorite crime,Olivia Rodrigo,2021-5,783706581
Thunder,"Prezioso, Gabry Ponte, LUM!X",2021-5,422691058
The Business,Tiï¿½ï¿,2020-1,1062345656
positions,Ariana Grande,2020-10,1252563873
I WANNA BE YOUR SLAVE,Mï¿½ï¿½ne,2021-3,851070493
Vai Lï¿½ï¿½ Em Casa ,"Marï¿½ï¿½lia Mendonï¿½ï¿½a, George Henrique &",2021-10,263894529
The Feels,TWICE,2021-10,345903614
HEARTBREAK ANNIVERSARY,Giveon,2020-2,951637566
No Lie,"Sean Paul, Dua Lipa",2016-11,956865266
OUT OUT (feat. Charli XCX & Saweetie),"Charli XCX, Jax Jones, Joel Corry, Saweetie",2021-8,427486004
Pope Is a Rockstar,SALES,2016-4,156658366
2055,Sleepy hallow,2021-4,624515457
Bored,Billie Eilish,2017-3,777765388
Happier Than Ever - Edit,Billie Eilish,2021-7,412795151
Astronaut In The Ocean,Masked Wolf,2019-1,1138474110
Ley Seca,"Anuel Aa, Jhay Cortez",2021-9,355219175
Every Summertime,NIKI,2021-8,290228626
Talking To The Moon,Bruno Mars,2010-10,1062956628
you broke me first,Tate McRae,2020-4,1180094974
The Nights,Avicii,2014-1,1456081449
Take My Breath,The Weeknd,2021-8,432702334
Way 2 Sexy (with Future & Young Thug),"Drake, Future, Young Thug",2021-9,489945871
Cï¿½ï¿½,Rauw Alejandro,2021-6,465959382
Enemy - from the series Arcane League of Legends,"Imagine Dragons, League of Legends, Arcane",2021-10,1223481149
Dance Monkey,Tones and I,2019-5,2864791672
Lucid Dreams,Juice WRLD,2017-6,2288695111
Quï¿½ï¿½ Mï¿½ï¿,"J Balvin, Maria Becerra",2021-1,720825549
All of Me,John Legend,2013-8,2086124197
Smells Like Teen Spirit - Remastered 2021,Nirvana,1991-9,1690192927
Arcade,Duncan Laurence,2019-3,991336132
Fair Trade (with Travis Scott),"Drake, Travis Scott",2021-9,593917618
Bar,"Tini, L-Gante",2021-11,200972675
The Rumbling (TV Size),SiM,2022-1,71014967
family ties (with Kendrick Lamar),"Kendrick Lamar, Baby Keem",2021-8,560222750
Mr. Brightside,The Killers,2003-9,1806617704
Blessed-Cursed,ENHYPEN,2022-1,77337771
AM Remix,"J Balvin, Nio Garcia, Bad Bunny",2021-6,528544703
Streets,Doja Cat,2019-11,865640097
Shallow,"Lady Gaga, Bradley Cooper",2018-9,2159346687
Polaroid Love,ENHYPEN,2022-1,211372494
Leave Before You Love Me (with Jonas Brothers),"Marshmello, Jonas Brothers",2021-4,651732901
Permission to Dance,BTS,2021-7,608334048
Friday (feat. Mufasa & Hypeman) - Dopamine Re-Edit,"Riton, Nightcrawlers, Mufasa & Hypeman, Dopamine",2021-1,863756573
RAPSTAR,Polo G,2021-4,797402345
'Till I Collapse,"Eminem, Nate Dogg",2002-5,1695712020
Memories,Maroon 5,2019-9,1759567999
Se Le Ve,"Arcangel, De La Ghetto, Justin Quiles, Lenny Tavï¿½ï¿½rez, Sech, Dalex, Dimelo Flow, Rich Music",2021-8,223319934
25k jacket (feat. Lil Baby),"Gunna, Lil Baby",2022-1,54937991
When Iï¿½ï¿½ï¿½m Gone (with Katy ,"Katy Perry, Alesso",2021-12,226897599
Esqueï¿½ï¿½a-Me Se For C,"Marï¿½ï¿½lia Mendonï¿½ï¿½a, Maiara &",2021-10,258316038
Miï¿½ï¿½n,"Tini, Maria Becerra",2021-4,596152090
Sï¿½ï¿½,"Anuel Aa, Myke Towers, Jhay Cortez",2021-11,177129919
MAMIII,"Karol G, Becky G",2022-2,716591492
Still D.R.E.,"Dr. Dre, Snoop Dogg",1999-1,1210599487
Stay Alive (Prod. SUGA of BTS),Jung Kook,2022-2,246376690
Boyfriend,Dove Cameron,2022-2,496311364
The Joker And The Queen (feat. Taylor Swift),"Ed Sheeran, Taylor Swift",2022-2,146789379
The Next Episode,"Dr. Dre, Snoop Dogg",1999-1,843309044
Light Switch,Charlie Puth,2022-1,500340342
City of Gods,"Kanye West, Alicia Keys, Fivio Foreign",2022-2,107255472
Brividi,"Mahmood, Blanco",2022-2,135079152
Lost,Frank Ocean,2012-1,822239726
In Da Club,50 Cent,2002-1,1202722675
she's all i wanna be,Tate McRae,2022-2,343197054
Ginseng Strip 2002,Yung Lean,2013-8,240769997
All For Us - from the HBO Original Series Euphoria,"Labrinth, Zendaya",2019-8,426204830
Notion,The Rare Occasions,2016-8,421135627
Formula,Labrinth,2019-10,554875730
Mount Everest,Labrinth,2019-6,467727006
Excuses,"Intense, AP Dhillon, Gurinder Gill",2020-7,327498031
Cigarettes,Juice WRLD,2021-12,185408548
"Cayï¿½ï¿½ La Noche (feat. Cruz Cafunï¿½ï¿½, Abhir Hathi, Bejo, EL IMA)","Quevedo, La Pantera, Juseph, Cruz Cafunï¿½ï¿½, Bï¿½ï¿½jo, Abhir Hathi",2022-1,245400167
California Love - Original Version (Explicit),"Dr. Dre, 2Pac, Roger",1995-12,579395142
Forgot About Dre,"Eminem, Dr. Dre",1999-1,675039469
Down Under (feat. Colin Hay),"Luude, Colin Hay",2021-11,252871192
Mujeriego,Ryan Castro,2021-12,231996128
HUMBLE.,Kendrick Lamar,2017-3,1929770265
Stan,"Eminem, Dido",1999-11,918915401
Contection,"GODZZ__-, Zakaria",2020-1,1180896317
Swim,Chase Atlantic,2017-10,498960285
A Tu Merced,Bad Bunny,2020-2,685071800
Numb Little Bug,Em Beihold,2022-1,258714692
212,"Mainstreet, Chefin",2022-1,143139338
Problemï¿½,"Alvaro Diaz, Rauw Alejandro",2021-10,209768491
Bussin,"Nicki Minaj, Lil Baby",2022-2,64714573
Worst Day,Future,2022-2,50746620
Malvada,Zï¿½ï¿½ Fe,2022-1,154119539
Hrs and Hrs,Muni Long,2021-11,181328253
Alien Blues,Vundabar,2015-7,370068639
Thinking Out Loud,Ed Sheeran,2014-1,2280566092
Still Don't Know My Name,Labrinth,2019-10,563902868
Christmas Tree,V,2021-12,317622165
Mal Feito - Ao Vivo,"Marï¿½ï¿½lia Mendonï¿½ï¿½a, Hugo & G",2022-1,291709698
When I R.I.P.,Labrinth,2019-10,203680270
Do We Have A Problem?,"Nicki Minaj, Lil Baby",2022-2,81350745
Forever,Labrinth,2019-10,282883169
Gospel (with Eminem),"Eminem, Dr. Dre",2022-2,64787943
Seï¿½ï¿½o,"Shawn Mendes, Camila Cabello",2019-6,2484812918
NEW MAGIC WAND,"Tyler, The Creator",2019-5,461437791
Adore You,Harry Styles,2019-12,1439191367
La Santa,"Daddy Yankee, Bad Bunny",2020-2,759208783
Something In The Way - Remastered 2021,Nirvana,1991-9,368646862
Sweetest Pie,"Dua Lipa, Megan Thee Stallion",2022-3,299634472
Bam Bam (feat. Ed Sheeran),"Camila Cabello, Ed Sheeran",2022-3,756907987
Una Noche en Medellï¿½,Cris Mj,2022-1,682475162
Envolver,Anitta,2021-11,546191065
Starlight,Dave,2022-3,229473310
Hati-Hati di Jalan,Tulus,2022-3,202677468
"I'm Tired - From ""Euphoria"" An Original HBO Series",Labrinth,2022-2,121913181
DANï¿½ï¿½A,"Mc Pedrinho, Pedro Sampaio",2022-2,208166039
Yo Voy (feat. Daddy Yankee),Zion & Lennox,2004-5,527033089
"Residente: Bzrp Music Sessions, Vol. 49","Residente, Bizarrap",2022-3,94616487
Jordan,Ryan Castro,2021-4,394030335
Nail Tech,Jack Harlow,2022-2,193443895
Chale,Eden Muï¿½ï,2022-2,299648208
DARARI,Treasure,2022-2,182978249
Ya No Somos Ni Seremos,Christian Nodal,2022-2,319757142
Thinking with My Dick,"Kevin Gates, Juicy J",2013-7,109091573
Freaky Deaky,"Tyga, Doja Cat",2022-2,153240879
this is what falling in love feels like,JVKE,2021-9,346127840
La Zona,Bad Bunny,2020-2,312622938
Bohemian Rhapsody - Remastered 2011,Queen,1975-10,2197010679
Hope,XXXTENTACION,2018-3,1200808494
Levitating,Dua Lipa,2020-3,797196073
Wake Me Up - Radio Edit,Avicii,2013-1,1970673297
"jealousy, jealousy",Olivia Rodrigo,2021-5,665765558
Monï¿½ï¿½y so,YEAT,2021-9,263779030
Demasiadas Mujeres,C. Tangana,2020-10,339473453
Something Just Like This,"The Chainsmokers, Coldplay",2017-2,2204080728
Closer,"The Chainsmokers, Halsey",2016-5,2591224264
O.O,NMIXX,2022-2,135444283
Somebody That I Used To Know,"Gotye, Kimbra",2011-1,1457139296
Tom's Diner,"AnnenMayKantereit, Giant Rooks",2019-6,236872197
First Class,Jack Harlow,2022-4,694525298
Plan A,Paulo Londra,2022-3,240661097
Fuera del mercado,Danny Ocean,2022-2,421365166
X ï¿½ï¿½LTIMA,"Daddy Yankee, Bad Bunny",2022-3,349746291
When You're Gone,Shawn Mendes,2022-3,255120451
In My Head,Lil Tjay,2022-4,190981339
Wait a Minute!,Willow,2015-1,924193303
LOVE DIVE,IVE,2022-4,305771063
Pantysito,"Feid, Alejo, Robi",2022-3,273005485
Chance,Paulo Londra,2022-4,89566512
Cool for the Summer,Demi Lovato,2015-1,677389855
psychofreak (feat. WILLOW),"Camila Cabello, Willow",2022-4,75476209
Angel Baby,Troye Sivan,2021-9,408843328
Vampiro,"Matuï¿½ï¿½, Wiu, ",2022-1,187772591
Si Quieren Frontear,"De La Ghetto, Duki, Quevedo",2022-3,178512385
Right On,Lil Baby,2022-4,101780047
Me Arrepentï¿,"Ak4:20, Cris Mj, Pailita",2022-3,118381354
That's Hilarious,Charlie Puth,2022-4,146363130
Soy El Unico,Yahritza Y Su Esencia,2022-3,126443991
RUMBATï¿½,Daddy Yankee,2022-3,157990698
sentaDONA (Remix) s2,"Luï¿½ï¿½sa Sonza, MC Frog, Dj Gabriel do Borel, Davi K",2022-3,176290831
Falling,Harry Styles,2019-12,1023187129
Sigue,"Ed Sheeran, J Balvin",1996-11,106933107
Fim de Semana no Rio,teto,2022-3,139193812
MANIAC,Stray Kids,2022-3,212234990
There's Nothing Holdin' Me Back,Shawn Mendes,2016-9,1714490998
IDGAF (with blackbear),"Blackbear, BoyWithUke",2022-3,197643795
Golden,Harry Styles,2019-12,807015863
Get Lucky - Radio Edit,"Pharrell Williams, Nile Rodgers, Daft Punk",2013-1,933815613
Ain't Shit,Doja Cat,2021-6,499710590
"Nobody Like U - From ""Turning Red""","Jordan Fisher, Josh Levi, Finneas O'Connell, 4*TOWN (From Disney and Pixarï¿½ï¿½ï¿½s Turning Red), Topher Ngo, Grayson Vill",2022-2,120847157
Still Life,BIGBANG,2022-4,53909146
Photograph,Ed Sheeran,2014-6,2236667932
Love Yourself,Justin Bieber,2015-11,2123309722
N95,Kendrick Lamar,2022-5,301242089
About Damn Time,Lizzo,2022-4,723894473
Die Hard,"Kendrick Lamar, Blxst, Amanda Reifer",2022-5,237351106
Despuï¿½ï¿½s de la P,Bad Bunny,2022-5,461558540
Un Ratito,Bad Bunny,2022-5,417230415
United In Grief,Kendrick Lamar,2022-5,156898322
Father Time (feat. Sampha),"Kendrick Lamar, Sampha",2022-5,127309180
Yo No Soy Celoso,Bad Bunny,2022-5,313113297
Rich Spirit,Kendrick Lamar,2022-5,173702135
Cooped Up (with Roddy Ricch),"Post Malone, Roddy Ricch",2022-5,271666301
Me Fui de Vacaciones,Bad Bunny,2022-5,305650299
Silent Hill,"Kendrick Lamar, Kodak Black",2022-5,123216717
La Corriente,"Tony Dize, Bad Bunny",2022-5,479655659
Count Me Out,Kendrick Lamar,2022-5,126191104
Andrea,"Buscabulla, Bad Bunny",2022-5,344055883
Dos Mil 16,Bad Bunny,2022-5,338422004
We Cry Together,"Kendrick Lamar, Taylour Paige",2022-5,68895644
Savior,"Kendrick Lamar, Sam Dew, Baby Keem",2022-5,86176890
Un Coco,Bad Bunny,2022-5,403231558
Otro Atardecer,"Bad Bunny, The Marï¿½ï",2022-5,319546754
Worldwide Steppers,Kendrick Lamar,2022-5,61739839
Aguacero,Bad Bunny,2022-5,283359161
Purple Hearts,"Kendrick Lamar, Ghostface Killah, Summer Walker",2022-5,76831876
Un Verano Sin Ti,Bad Bunny,2022-5,283332261
ULTRA SOLO,"Polima WestCoast, Pailita",2022-2,307752576
Ensï¿½ï¿½ï¿½ï¿½ame ,Bad Bunny,2022-5,279737940
El Apagï¿½,Bad Bunny,2022-5,212351890
Callaita,"Bad Bunny, Tainy",2019-5,1304313953
Dua Lipa,Jack Harlow,2022-5,150500965
Agosto,Bad Bunny,2022-5,246127838
House Of Memories,Panic! At The Disco,2016-1,582863434
Mr. Morale,"Kendrick Lamar, Tanna Leone",2022-5,58687425
That That (prod. & feat. SUGA of BTS),"PSY, Suga",2022-4,212109195
In The Stars,Benson Boone,2022-4,382199619
Rich - Interlude,Kendrick Lamar,2022-5,41210087
SUPERMODEL,Mï¿½ï¿½ne,2022-5,231657891
Stefania (Kalush Orchestra),KALUSH,2022-3,53729194
Thousand Miles,The Kid Laroi,2022-4,244741137
Crown,Kendrick Lamar,2022-5,42485571
Auntie Diaries,Kendrick Lamar,2022-5,37778188
PUFFIN ON ZOOTIEZ,Future,2022-4,254218729
Mirror,Kendrick Lamar,2022-5,53603447
Beautiful Girl,Luciano,2022-4,160035717
"Paulo Londra: Bzrp Music Sessions, Vol. 23","Bizarrap, Paulo Londra",2022-4,164163229
Savior - Interlude,Kendrick Lamar,2022-5,37091576
Pasoori,"Shae Gill, Ali Sethi",2022-2,284249832
Mother I Sober (feat. Beth Gibbons of Portishead),"Kendrick Lamar, Beth Gibbons",2022-5,33381454
TUS Lï¿½ï¿½GR,"Sech, Mora",2022-4,184622518
Where Did You Go?,"MNEK, Jax Jones",2022-1,300983101
I Tried to Tell Y'all,"Ugly Dray, Tesla Jnr",2022-5,121077868
Honest (feat. Don Toliver),"Justin Bieber, Don Toliver",2022-4,106919680
ZOOM,Jessi,2022-4,136996305
SloMo,Chanel,2021-12,65719930
FEARLESS,LE SSERAFIM,2022-5,229497852
10 Things I Hate About You,Leah Kate,2022-3,185550869
SPACE MAN,Sam Ryder,2022-2,54682594
With you,"HA SUNG WOON, Jimin",2022-4,240580042
Iris,The Goo Goo Dolls,1998-3,1284942608
The Heart Part 5,Kendrick Lamar,2022-5,71423324
San Lucas,Kevin Kaarl,2019-11,244891912
This Love (Taylorï¿½ï¿½ï¿½s Ve,Taylor Swift,2022-5,132171975
Good Looking,Suki Waterhouse,2017-10,184706613
Flowers,Lauren Spencer Smith,2021-8,184826429
Yet To Come,BTS,2022-6,302006641
Run BTS,BTS,2022-6,330881149
Music For a Sushi Restaurant,Harry Styles,2022-5,334733572
Matilda,Harry Styles,2022-5,366214458
For Youth,BTS,2022-6,114546317
Daylight,Harry Styles,2022-5,290833204
Vegas (From the Original Motion Picture Soundtrack ELVIS),Doja Cat,2022-5,448500832
Cash In Cash Out,"Pharrell Williams, Tyler, The Creator, 21 Savage",2022-6,136676504
Potion (with Dua Lipa & Young Thug),"Calvin Harris, Dua Lipa, Young Thug",2022-5,190625045
Born Singer,BTS,2022-6,79095270
Little Freak,Harry Styles,2022-5,273194684
La Llevo Al Cielo (Ft. ï¿½ï¿½engo F,"Nengo Flow, Anuel Aa, Chris Jedi, Chencho Corleone",2022-5,333146475
True Love,"Kanye West, XXXTENTACION",2022-5,194902696
Satellite,Harry Styles,2022-5,311482393
Pass The Dutchie,Musical Youth,1982-1,195918494
"Villano Antillano: Bzrp Music Sessions, Vol. 51","Bizarrap, Villano Antillano",2022-6,248511839
Love Of My Life,Harry Styles,2022-5,233671263
Grapejuice,Harry Styles,2022-5,199587884
So Good,Halsey,2022-6,91781263
Belly Dancer,"BYOR, Imanbek",2022-2,383835984
Keep Driving,Harry Styles,2022-5,236060709
Cinema,Harry Styles,2022-5,189236868
Die Young (feat. 347aidan),"Sleepy hallow, 347aidan",2022-5,160845341
Only Love Can Hurt Like This,Paloma Faith,2014-1,588955257
Hold My Hand,Lady Gaga,2022-5,238350348
Daydreaming,Harry Styles,2022-5,187703102
Numb,"Marshmello, Khalid",2022-6,295307001
Nos Comemos (feat. Ozuna),"Ozuna, Tiago pzk",2022-6,138334433
Me and Your Mama,Childish Gambino,2016-11,445590495
Crazy What Love Can Do,"David Guetta, Ella Henderson, Becky Hill",2022-3,286739476
SLOW DANCING IN THE DARK,Joji,2018-9,1122364376
Antes de Perderte,Duki,2022-6,157136970
Boyfriends,Harry Styles,2022-5,137070925
295,Sidhu Moose Wala,2021-5,183273246
Tak Ingin Usai,Keisya Levronka,2022-5,184807630
En El Radio Un Cochinero,Victor Cibrian,2022-5,164856284
Master of Puppets (Remastered),Metallica,1986-3,704171068
BREAK MY SOUL,Beyoncï¿,2022-6,354614964
ULTRA SOLO REMIX,"De La Ghetto, Feid, Polima WestCoast, Paloma Mami, Pailita",2022-6,279717388
Massive,Drake,2022-6,195628667
Betty (Get Money),Yung Gravy,2022-6,221752937
Ojos Marrones,Lasso,2022-2,263280370
POP!,Nayeon,2022-6,213505179
Layla,"Schï¿½ï¿½rze, DJ R",2022-3,130419412
MORE,j-hope,2022-7,155795783
Sweet Child O' Mine,Guns N' Roses,1987-1,1553497987
Last Last,Burna Boy,2022-5,293466523
SNAP,Rosa Linn,2022-3,711366595
Sticky,Drake,2022-6,191448892
Hot Shit (feat. Ye & Lil Durk),"Kanye West, Lil Durk, Cardi B",2022-7,85924992
Ai Preto,"L7nnon, DJ Biel do Furduncinho, Bianca",2022-6,176103902
La Loto,"Anitta, Tini, Becky G",2022-7,121189256
die first,Nessa Barrett,2022-6,131746175
Afraid To Feel,LF System,2022-5,244790012
Baile no Morro,"Mc Vitin Da Igrejinha, MC Tairon, DJ Win",2022-6,129314708
cï¿½ï¿½mo dormi,Rels B,2022-8,331511413
Bad Decisions (with BTS & Snoop Dogg),"Snoop Dogg, BTS, Benny Blanco",2022-8,219196651
STAYING ALIVE (feat. Drake & Lil Baby),"Drake, DJ Khaled, Lil Baby",2022-8,170732845
Caile,Luar La L,2020-12,273914335
Si Te La Encuentras Por Ahï¿,Feid,2022-8,179061440
GIVENCHY,Duki,2022-7,185236961
ALIEN SUPERSTAR,Beyoncï¿,2022-7,171788484
Mary On A Cross,Ghost,2019-9,387080183
Attention,NewJeans,2022-8,264717480
THE SHADE,Rex Orange County,2022-3,244928911
"Come Back Home - From ""Purple Hearts""",Sofia Carson,2022-7,97610446
El Rescate,"Grupo Marca Registrada, Junior H",2022-7,287278853
Heartless,Kanye West,2008-1,887906111
"Stay With Me (with Justin Timberlake, Halsey, & Pharrell)","Calvin Harris, Halsey, Pharrell Williams, Justin Timberlake",2022-7,123473120
Siempre Pendientes,"Peso Pluma, Luis R Conriquez",2022-8,295152154
JGL,"Luis R Conriquez, La Adictiva",2022-2,323455692
Don't You Worry,"David Guetta, Shakira, Black Eyed Peas",2022-6,240918092
Pipoco,"Melody, Ana Castela, Dj Chris No Beat",2022-5,191873381
Hold Me Closer,"Elton John, Britney Spears",2017-11,284216603
Forget Me,Lewis Capaldi,2022-9,239411309
After LIKE,IVE,2022-8,265548837
Bound 2,Kanye West,2013-1,703301727
B.O.T.A. (Baddest Of Them All) - Edit,"Interplanetary Criminal, Eliza Rose",2022-6,244585109
Talk that Talk,TWICE,2022-8,189476119
BILLIE EILISH.,Armani White,2022-1,277132266
Ferxxo 100,Feid,2022-6,278920007
KU LO SA - A COLORS SHOW,Oxlade,2022-6,222410722
Prohibidox,Feid,2022-9,185392587
Static,Steve Lacy,2022-7,202452860
The Scientist,Coldplay,2002-8,1608164312
Sparks,Coldplay,2000-7,624101957
Talk,YEAT,2022-9,148461629
XQ Te Pones Asï¿,"Yandel, Feid",2022-9,47093942
Selfish,PnB Rock,2016-6,380319238
Sin Seï¿½ï,"Ovy On The Drums, Quevedo",2022-7,209106362
Lady Mi Amor,Feid,2022-9,53987404
Poland,Lil Yachty,2022-6,115331792
THE LONELIEST,Mï¿½ï¿½ne,2022-10,225093344
Bye Bye,"Marshmello, Juice WRLD",2022-10,84697729
BABY OTAKU,"Fran C, Polima WestCoast, Nickoog Clk, Pablito Pesadilla",2022-8,159240673
Nxde,(G)I-DLE,2022-10,170709584
Miss You,Southstar,1982-5,154356956
we fell in love in october,girl in red,2018-11,723043854
2 Be Loved (Am I Ready),Lizzo,2022-7,247689123
Celestial,Ed Sheeran,2022-9,176474912
Typa Girl,BLACKPINK,2022-9,235549288
I Really Want to Stay at Your House,"Rosa Walton, Hallie Coggins",2020-12,140430339
California Breeze,Lil Baby,2022-10,85559365
Bamba (feat. Aitch & BIA),"Luciano, Aitch, Bï¿½",2022-9,146223492
Casei Com a Putaria,"MC Ryan SP, Love Funk, Mc Paiva ZS",2022-7,187701588
Major Distribution,"Drake, 21 Savage",2022-11,154863153
Pussy & Millions (feat. Travis Scott),"Drake, Travis Scott, 21 Savage",2022-11,191333656
Vigilante Shit,Taylor Swift,2022-10,253650850
Question...?,Taylor Swift,2022-10,223064273
On BS,"Drake, 21 Savage",2022-11,170413877
Mastermind,Taylor Swift,2022-10,218320587
Circo Loco,"Drake, 21 Savage",2022-11,141720999
Labyrinth,Taylor Swift,2022-10,187339835
Spin Bout U,"Drake, 21 Savage",2022-11,198365537
Sweet Nothing,Taylor Swift,2022-10,186104310
"Would've, Could've, Should've",Taylor Swift,2022-10,177503916
Con La Brisa,"Ludwig Goransson, Foudeqush",2022-11,71095708
Privileged Rappers,"Drake, 21 Savage",2022-11,112436403
The Astronaut,Jin,2022-10,203436468
BackOutsideBoyz,Drake,2022-11,93367537
Broke Boys,"Drake, 21 Savage",2022-11,106249219
The Great War,Taylor Swift,2022-10,181382590
My Mind & Me,Selena Gomez,2022-11,91473363
Bigger Than The Whole Sky,Taylor Swift,2022-10,121871870
A Veces (feat. Feid),"Feid, Paulo Londra",2022-11,73513683
En La De Ella,"Feid, Sech, Jhayco",2022-10,133895612
Alone,Burna Boy,2022-11,96007391
